,and,animal,are,beautiful,cat,cats,day,dog,dogs,for,home,is,running,the,this
0,0.0,0.0,0.0,0.0,0.6406554311067799,0.0,0.0,0.0,0.0,0.0,0.0,0.4089220628888078,0.4089220628888078,0.5051001005334584,0.0
1,0.0,0.0,0.0,0.0,0.0,0.0,0.0,0.6406554311067799,0.0,0.0,0.0,0.4089220628888078,0.4089220628888078,0.5051001005334584,0.0
2,0.0,0.0,0.0,0.45573243632274113,0.0,0.0,0.45573243632274113,0.0,0.0,0.45573243632274113,0.0,0.29088811073448395,0.29088811073448395,0.0,0.45573243632274113
3,0.408248290463863,0.408248290463863,0.408248290463863,0.0,0.0,0.408248290463863,0.0,0.0,0.408248290463863,0.0,0.408248290463863,0.0,0.0,0.0,0.0
